Бульвар Рокоссовского:#da322a,-1,55.8157679,37.7376328)
Бульвар Рокоссовского:#da322a,1,55.8150394,37.7320958)
Бульвар Рокоссовского:#da322a,1,55.8297855,37.7025607)
Бульвар Рокоссовского:#da322a,2,55.8153554,37.7329629)
Бульвар Рокоссовского:#da322a,3,55.8141448,37.7356449)
Бульвар Рокоссовского:#da322a,4,55.81349,37.7351292)
Бульвар Рокоссовского:#da322a,5,55.813253,37.7351473)
Сокольники:#da322a,1,55.7892372,37.6795222)
Сокольники:#da322a,2,55.7893142,37.6799344)
Черкизовская:#da322a,1,55.8027616,37.7445454)
Черкизовская:#da322a,1,55.8027561,37.7450113)
Черкизовская:#da322a,2,55.8047589,37.744615)
Черкизовская:#da322a,3,55.805146,37.7446111)
Черкизовская:#da322a,4,55.8031436,37.7455446)
Красные Ворота:#da322a,1,55.7683685,37.6480625)
Красные Ворота:#da322a,2,55.7698891,37.650378)
Чистые пруды:#da322a,1,55.7648351,37.6385472)
Чистые пруды:#da322a,2,55.7649903,37.6382372)
Автозаводская:#46ae5c,1,55.7054021,37.6628907)
Автозаводская:#46ae5c,1,55.7063262,37.6571774)
Автозаводская:#46ae5c,1,55.6984657,37.6505665)
Автозаводская:#46ae5c,2,55.7060489,37.6606784)
Автозаводская:#46ae5c,2,55.7084112,37.658275)
Автозаводская:#46ae5c,2,55.6994934,37.648555)
Автозаводская:#46ae5c,3,55.7086716,37.6573256)
Октябрьская:#e77a38,1,55.7292516,37.6113988)
Октябрьская:#e77a38,2,55.7293603,37.6108915)
Октябрьская:#e77a38,3,55.7313035,37.6126325)
Октябрьская:#e77a38,3,55.7311472,37.6129707)
Бабушкинская:#e77a38,1,55.8688052,37.6634259)
Бабушкинская:#e77a38,1,55.8707571,37.664401)
Бабушкинская:#e77a38,2,55.8703887,37.6642182)
Бабушкинская:#e77a38,2,55.868421,37.6632258)
Бабушкинская:#e77a38,3,55.8706234,37.6652875)
Бабушкинская:#e77a38,4,55.8702527,37.665099)
Медведково:#e77a38,1,55.88797,37.6614528)
Медведково:#e77a38,1,55.888147,37.6618422)
Медведково:#e77a38,2,55.8860387,37.6612818)
Первомайская:#006da8,1,55.7957218,37.7990027)
Первомайская:#006da8,2,55.7957378,37.7996675)
Первомайская:#006da8,3,55.7935927,37.7997449)
Первомайская:#006da8,4,55.7935852,37.7990779)
Коломенская:#46ae5c,1,55.67767,37.6645402)
Коломенская:#46ae5c,2,55.676768,37.6643976)
Коломенская:#46ae5c,4,55.677746,37.6630234)
Коломенская:#46ae5c,5,55.6792637,37.6633685)
Коломенская:#46ae5c,6,55.6796309,37.6634292)
Коломенская:#46ae5c,7,55.679535,37.6650152)
Коломенская:#46ae5c,8,55.6791517,37.6649467)
Фрунзенская:#da322a,1,55.7274044,37.5806973)
Менделеевская:#9c9c99,1,55.7794758,37.601074)
Менделеевская:#9c9c99,2,55.7813506,37.5987986)
Менделеевская:#9c9c99,3,55.7814675,37.5987012)
Менделеевская:#9c9c99,4,55.781879,37.5990489)
Третьяковская:#f8c73e,2,55.7407483,37.6256766)
Отрадное:#9c9c99,1,55.8643856,37.6045682)
Отрадное:#9c9c99,2,55.8643768,37.605376)
Отрадное:#9c9c99,3,55.864216,37.60607)
Отрадное:#9c9c99,4,55.8639648,37.606031)
Отрадное:#9c9c99,5,55.8625697,37.6045277)
Отрадное:#9c9c99,6,55.8622579,37.6042335)
Отрадное:#9c9c99,7,55.8624754,37.6034069)
Отрадное:#9c9c99,8,55.8628247,37.6037571)
Проспект Мира:#794835,1,55.7796007,37.6335681)
Проспект Мира:#e77a38,2,55.7818298,37.633347)
Бауманская:#006da8,1,55.7723457,37.6787584)
Бауманская:#006da8,1,55.7723658,37.6791968)
Ленинский проспект:#e77a38,-1,55.7084697,37.5874963)
Ленинский проспект:#e77a38,1,55.7068542,37.5851442)
Ленинский проспект:#e77a38,1,55.7069377,37.5849766)
Ленинский проспект:#e77a38,1,55.7071909,37.5857208)
Ленинский проспект:#e77a38,2,55.7070461,37.5865647)
Каширская:#79c5bf,-1,55.6544277,37.6479113)
Каширская:#79c5bf,-1,55.6555937,37.6495758)
Каширская:#79c5bf,1,55.6557198,37.6501614)
Каширская:#79c5bf,2,55.6542854,37.6473512)
Каширская:#79c5bf,3,55.654068,37.6477965)
Каширская:#79c5bf,4,55.655935,37.6496883)
Багратионовская:#00b8e0,2,55.74383,37.4981967)
Белорусская:#46ae5c,1,55.7754154,37.5825689)
Белорусская:#46ae5c,4,55.7772603,37.5821752)
Белорусская:#46ae5c,4,55.777547,37.5821259)
Белорусская:#46ae5c,4,55.7775066,37.5821994)
Смоленская:#00b8e0,-1,55.7479232,37.5837965)
Смоленская:#00b8e0,1,55.7489201,37.5822267)
Смоленская:#00b8e0,1,55.7489238,37.581818)
Смоленская:#00b8e0,1,55.7478843,37.5836293)
Филёвский парк:#00b8e0,1,55.7395823,37.4837186)
Филёвский парк:#00b8e0,2,55.7394029,37.4829279)
Театральная:#46ae5c,7,55.7561605,37.617738)
Театральная:#46ae5c,9,55.7588268,37.618054)
Театральная:#46ae5c,10,55.7567029,37.6195553)
Театральная:#46ae5c,10,55.7567735,37.6202267)
Молодёжная:#006da8,1,55.7412697,37.415772)
Молодёжная:#006da8,2,55.740222,37.417957)
Савёловская:#9c9c99,1,55.7941489,37.587136)
Савёловская:#9c9c99,2,55.7943147,37.5888613)
Савёловская:#9c9c99,3,55.7940774,37.5898235)
Савёловская:#9c9c99,3,55.7940639,37.5900357)
Савёловская:#9c9c99,4,55.7938929,37.5901731)
Савёловская:#9c9c99,5,55.7935687,37.5898653)
Войковская:#46ae5c,1,55.8410223,37.5204996)
Войковская:#46ae5c,1,55.812212,37.4860645)
Войковская:#46ae5c,1,55.8256067,37.4938672)
Войковская:#46ae5c,2,55.8196332,37.4968158)
Войковская:#46ae5c,2,55.8245412,37.4951942)
Войковская:#46ae5c,2,55.8397103,37.5226111)
Войковская:#46ae5c,2,55.8126762,37.4881332)
Войковская:#46ae5c,3,55.8198752,37.4966148)
Войковская:#46ae5c,4,55.8178928,37.4982026)
Войковская:#46ae5c,5,55.8181342,37.4979987)
Войковская:#46ae5c,6,55.81839,37.4990703)
Войковская:#46ae5c,7,55.8177693,37.4995488)
Библиотека имени Ленина:#da322a,1,55.7519825,37.6102617)
Библиотека имени Ленина:#da322a,2,55.7522463,37.6100996)
Библиотека имени Ленина:#da322a,3,55.7525973,37.6108553)
Библиотека имени Ленина:#da322a,3,55.7525719,37.6107982)
Библиотека имени Ленина:#da322a,4,55.7522249,37.6117215)
Библиотека имени Ленина:#da322a,5,55.7519166,37.6123351)
Библиотека имени Ленина:#da322a,6,55.75054,37.6092012)
Марьино:#adce4b,1,55.6512893,37.7437314)
Марьино:#adce4b,2,55.6509282,37.7438784)
Марьино:#adce4b,3,55.6512259,37.7430724)
Марьино:#adce4b,4,55.6508323,37.7432218)
Марьино:#adce4b,5,55.6492614,37.7445255)
Марьино:#adce4b,6,55.648909,37.7446643)
Марьино:#adce4b,7,55.6491765,37.7438674)
Марьино:#adce4b,8,55.6488088,37.7440212)
Юго-Западная:#da322a,1,55.6627447,37.483305)
Юго-Западная:#da322a,2,55.6625203,37.483187)
Юго-Западная:#da322a,3,55.6627382,37.4821227)
Юго-Западная:#da322a,4,55.6629657,37.4822171)
Юго-Западная:#da322a,5,55.6645226,37.4831977)
Юго-Западная:#da322a,6,55.6647375,37.483394)
Юго-Западная:#da322a,7,55.664567,37.4843827)
Юго-Западная:#da322a,8,55.6642996,37.4842313)
Петровский парк:null,2,55.7904378,37.5566381)
Петровский парк:null,3,55.7906899,37.5560577)
Петровский парк:null,4,55.7926546,37.5586504)
Петровский парк:null,5,55.7922665,37.5582126)
Щукинская:#804388,-1,55.8077218,37.465444)
Щукинская:#804388,-1,55.8094351,37.4633218)
Щукинская:#804388,-1,55.8091222,37.4628136)
Щукинская:#804388,-1,55.8080261,37.4658857)
Строгино:#006da8,1,55.8037277,37.4014132)
Строгино:#006da8,2,55.8039222,37.4005105)
Строгино:#006da8,3,55.8046581,37.4009899)
Строгино:#006da8,4,55.8044621,37.4018934)
Строгино:#006da8,5,55.8038301,37.4047807)
Строгино:#006da8,6,55.8036342,37.4056841)
Строгино:#006da8,7,55.8029235,37.4051807)
Строгино:#006da8,8,55.8031094,37.404273)
Пролетарская:#804388,4,55.7317695,37.6644491)
Пролетарская:#804388,5,55.7316414,37.6640183)
Пролетарская:#804388,6,55.7315064,37.6641763)
Пролетарская:#804388,7,55.7314228,37.6642467)
Пролетарская:#804388,8,55.7313142,37.6650043)
Пролетарская:#804388,9,55.7311744,37.6645376)
Пролетарская:#804388,10,55.7323454,37.6655118)
Аэропорт:#46ae5c,-1,55.8004972,37.5305095)
Аэропорт:#46ae5c,-1,55.8013474,37.5318353)
Аэропорт:#46ae5c,-1,55.8006698,37.5311386)
Аэропорт:#46ae5c,1,55.8010171,37.5321493)
Аэропорт:#46ae5c,4,55.8000414,37.5344075)
Сокол:#46ae5c,1,55.8044604,37.5145372)
Сокол:#46ae5c,1,55.8045177,37.5143197)
Сокол:#46ae5c,2,55.8055549,37.5150538)
Сокол:#46ae5c,2,55.805477,37.5153563)
Сокол:#46ae5c,3,55.8050813,37.5164148)
Сокол:#46ae5c,4,55.8049697,37.5168433)
Сокол:#46ae5c,5,55.8042121,37.5161316)
Сокол:#46ae5c,6,55.8042901,37.5158243)
Кузнецкий Мост:#804388,1,55.7615733,37.6242463)
Кузнецкий Мост:#804388,9,55.7590274,37.6259834)
Кузнецкий Мост:#804388,10,55.7591086,37.6256885)
Кузнецкий Мост:#804388,10,55.7590334,37.6258095)
Кузнецкий Мост:#804388,11,55.759888,37.6255262)
Китай-город:#e77a38,1,55.7562307,37.6300572)
Китай-город:#e77a38,3,55.7569609,37.6305404)
Китай-город:#e77a38,4,55.7568567,37.6312092)
Китай-город:#e77a38,4,55.7567488,37.6309441)
Китай-город:#e77a38,5,55.757327,37.6317753)
Китай-город:#e77a38,6,55.7572259,37.6320974)
Китай-город:#e77a38,7,55.7570076,37.6318773)
Китай-город:#e77a38,11,55.7531896,37.6335283)
Китай-город:#e77a38,12,55.7529392,37.6334311)
Китай-город:#e77a38,13,55.7528919,37.6331599)
Китай-город:#e77a38,14,55.7530586,37.6330149)
Новогиреево:#f8c73e,-1,55.7522557,37.8144915)
Новогиреево:#f8c73e,-1,55.751673,37.818253)
Новогиреево:#f8c73e,-1,55.751582,37.818878)
Новогиреево:#f8c73e,-1,55.751274,37.818077)
Новогиреево:#f8c73e,-1,55.751189,37.818662)
Новогиреево:#f8c73e,-1,55.7521484,37.8152651)
Новогиреево:#f8c73e,-1,55.7518222,37.8143058)
Новогиреево:#f8c73e,-1,55.7517192,37.8150193)
Кропоткинская:#da322a,1,55.7449541,37.6015774)
Кропоткинская:#da322a,1,55.745037,37.6016853)
Кропоткинская:#da322a,2,55.7458071,37.6053496)
Кропоткинская:#da322a,3,55.7456602,37.6053485)
Волгоградский проспект:#804388,1,55.7244645,37.688512)
Волгоградский проспект:#804388,1,55.7173374,37.696076)
Волгоградский проспект:#804388,2,55.7180768,37.6956959)
Волгоградский проспект:#804388,2,55.7245795,37.6877605)
Волгоградский проспект:#804388,3,55.718506,37.6945942)
Волгоградский проспект:#804388,3,55.7255178,37.6856098)
Волгоградский проспект:#804388,4,55.7256782,37.6851306)
Тверская:#46ae5c,1,55.7659361,37.6044404)
Тверская:#46ae5c,2,55.7656974,37.6040208)
Тверская:#46ae5c,3,55.7652912,37.6040228)
Тверская:#46ae5c,4,55.7654725,37.6037011)
Тверская:#46ae5c,5,55.7652906,37.6050278)
Тверская:#46ae5c,6,55.7650979,37.6053682)
Тверская:#46ae5c,7,55.7649335,37.6064579)
Тверская:#46ae5c,8,55.764742,37.6059971)
Тверская:#46ae5c,9,55.7643228,37.6057113)
Тверская:#46ae5c,10,55.7643315,37.605548)
Фили:#00b8e0,-1,55.7467342,37.5141035)
Фили:#00b8e0,1,55.7467984,37.5138449)
Фили:#00b8e0,2,55.7469029,37.5141201)
Фили:#00b8e0,3,55.745307,37.5158091)
Фили:#00b8e0,3,55.7453878,37.5155258)
Фили:#00b8e0,3,55.7454888,37.5157911)
Парк Победы:#f8c73e,1,55.7364543,37.5159212)
Парк Победы:#f8c73e,3,55.7363342,37.5176308)
Парк Победы:#f8c73e,4,55.7359454,37.5177961)
Парк Победы:#f8c73e,5,55.7358281,37.517106)
Парк Победы:#f8c73e,6,55.7371218,37.5155808)
Парк Победы:#006da8,2,55.7366613,37.5174078)
Домодедовская:#46ae5c,1,55.6115637,37.720892)
Домодедовская:#46ae5c,2,55.6108878,37.7210442)
Домодедовская:#46ae5c,3,55.6107944,37.7204839)
Домодедовская:#46ae5c,4,55.6111808,37.7180688)
Домодедовская:#46ae5c,5,55.6113064,37.7179483)
Домодедовская:#46ae5c,6,55.6110063,37.716756)
Домодедовская:#46ae5c,7,55.6109146,37.7164179)
Домодедовская:#46ae5c,8,55.6106377,37.7165958)
Домодедовская:#46ae5c,9,55.6102073,37.7168225)
Домодедовская:#46ae5c,10,55.6098774,37.7173314)
Домодедовская:#46ae5c,11,55.6099263,37.717586)
Домодедовская:#46ae5c,12,55.6100263,37.7182666)
Домодедовская:#46ae5c,13,55.6103196,37.7181163)
Домодедовская:#46ae5c,14,55.6100664,37.7185395)
Крылатское:#006da8,1,55.7573711,37.4073613)
Крылатское:#006da8,2,55.7579167,37.4072894)
Крылатское:#006da8,3,55.75814,37.4085547)
Крылатское:#006da8,4,55.7576425,37.4086168)
Крылатское:#006da8,5,55.7556808,37.4088804)
Крылатское:#006da8,6,55.7553093,37.4086116)
Крылатское:#006da8,7,55.7553107,37.4077042)
Крылатское:#006da8,8,55.7556186,37.4076604)
Арбатская:#00b8e0,1,55.7521438,37.6016704)
Арбатская:#00b8e0,7,55.7524079,37.6033909)
Александровский сад:#00b8e0,8,55.7522967,37.6088923)
Динамо:#46ae5c,1,55.7890085,37.5598459)
Водный стадион:#46ae5c,1,55.8405578,37.4861734)
Водный стадион:#46ae5c,2,55.8391083,37.4873218)
Ясенево:#e77a38,1,55.6062689,37.5345608)
Ясенево:#e77a38,2,55.6061355,37.5352108)
Ясенево:#e77a38,3,55.6055598,37.5348287)
Ясенево:#e77a38,4,55.6056711,37.5343215)
Ясенево:#e77a38,5,55.6062917,37.5310145)
Ясенево:#e77a38,6,55.6066198,37.5313087)
Ясенево:#e77a38,7,55.6069105,37.5315749)
Ясенево:#e77a38,8,55.6065681,37.5331948)
Ботанический сад:#e77a38,1,55.8459339,37.6384274)
Ботанический сад:#e77a38,1,55.8459462,37.6394191)
Ботанический сад:#e77a38,2,55.8466317,37.6388059)
Ботанический сад:#e77a38,2,55.8453524,37.6393802)
Ботанический сад:#e77a38,3,55.8466393,37.639359)
Ботанический сад:#e77a38,4,55.8438281,37.6374887)
Свиблово:#e77a38,1,55.856153,37.6538676)
Свиблово:#e77a38,1,55.8391867,37.6689279)
Свиблово:#e77a38,2,55.855751,37.6545255)
Свиблово:#e77a38,2,55.839052,37.668793)
Свиблово:#e77a38,3,55.8543344,37.6513735)
Свиблово:#e77a38,4,55.8545647,37.6510319)
Свиблово:#e77a38,5,55.8548485,37.6513426)
Серпуховская:#9c9c99,2,55.7268264,37.625861)
Серпуховская:#9c9c99,3,55.7268891,37.6248255)
Тульская:#9c9c99,1,55.7077754,37.6225162)
Тульская:#9c9c99,2,55.7095886,37.622626)
Полянка:#9c9c99,1,55.7368358,37.6186837)
Павелецкая:#46ae5c,1,55.7314403,37.6360356)
Павелецкая:#46ae5c,2,55.7312844,37.6362099)
Павелецкая:#46ae5c,3,55.7296016,37.6398048)
Павелецкая:#46ae5c,3,55.7297128,37.6392755)
Нахимовский проспект:#9c9c99,1,55.6617882,37.6048852)
Нахимовский проспект:#9c9c99,2,55.6615954,37.6040573)
Нахимовский проспект:#9c9c99,3,55.6634546,37.6060781)
Нахимовский проспект:#9c9c99,4,55.6637944,37.606049)
Нахимовский проспект:#9c9c99,5,55.6635776,37.6070289)
Профсоюзная:#e77a38,1,55.6785539,37.5639348)
Профсоюзная:#e77a38,2,55.6787335,37.5641395)
Профсоюзная:#e77a38,3,55.67879,37.5633704)
Профсоюзная:#e77a38,4,55.6789699,37.5635653)
Профсоюзная:#e77a38,5,55.6773256,37.5618625)
Профсоюзная:#e77a38,6,55.6771545,37.5616768)
Профсоюзная:#e77a38,7,55.6771274,37.5623851)
Профсоюзная:#e77a38,8,55.6769488,37.5621995)
Академическая:#e77a38,1,55.6869778,37.5730465)
Академическая:#e77a38,2,55.6867786,37.5728412)
Академическая:#e77a38,3,55.6869943,37.572183)
Академическая:#e77a38,4,55.6871934,37.5723883)
Академическая:#e77a38,5,55.6886139,37.5739278)
Академическая:#e77a38,6,55.6888114,37.5741428)
Академическая:#e77a38,7,55.6886188,37.5748444)
Академическая:#e77a38,8,55.6883386,37.5745469)
Калужская:#e77a38,-1,55.6578576,37.5419399)
Калужская:#e77a38,1,55.658151,37.541088)
Калужская:#e77a38,1,55.6565739,37.5394444)
Калужская:#e77a38,2,55.6578948,37.5408072)
Калужская:#e77a38,2,55.6563183,37.5391907)
Калужская:#e77a38,3,55.6576211,37.5416801)
Калужская:#e77a38,3,55.6563079,37.5403162)
Калужская:#e77a38,4,55.6560341,37.5400118)
Калужская:#e77a38,5,55.65555,37.5383871)
Калужская:#e77a38,6,55.6553036,37.5392495)
Беляево:#e77a38,1,55.6438095,37.5267663)
Беляево:#e77a38,1,55.6418526,37.525422)
Беляево:#e77a38,2,55.6415836,37.5252343)
Беляево:#e77a38,2,55.6435172,37.5265772)
Беляево:#e77a38,3,55.6414443,37.5258778)
Беляево:#e77a38,3,55.6434144,37.5272129)
Беляево:#e77a38,4,55.6436854,37.5274178)
Беляево:#e77a38,4,55.6417265,37.526069)
Щёлковская:#006da8,1,55.8097628,37.7983421)
Щёлковская:#006da8,2,55.8107121,37.7982976)
Щёлковская:#006da8,3,55.8107335,37.7988362)
Щёлковская:#006da8,4,55.8100016,37.7994525)
Щёлковская:#006da8,5,55.8083991,37.7984603)
Щёлковская:#006da8,6,55.8084041,37.7989015)
Новоясеневская:#e77a38,2,55.6014704,37.5529728)
Новоясеневская:#e77a38,3,55.6020114,37.5528425)
Варшавская:#79c5bf,-1,55.6537291,37.6222533)
Варшавская:#79c5bf,-1,55.6537272,37.6220243)
Варшавская:#79c5bf,1,55.6535655,37.6180272)
Варшавская:#79c5bf,2,55.6531101,37.6180407)
Варшавская:#79c5bf,3,55.6531816,37.6207499)
Варшавская:#79c5bf,3,55.6535468,37.6210519)
Варшавская:#79c5bf,4,55.653633,37.623141)
Добрынинская:#794835,1,55.7290643,37.6228621)
Владыкино:#9c9c99,1,55.848365,37.5909558)
Владыкино:#9c9c99,1,55.8483502,37.5903799)
Владыкино:#9c9c99,2,55.8460325,37.5896289)
Владыкино:#9c9c99,2,55.846309,37.5899021)
Спортивная:#da322a,1,55.7222816,37.5619305)
Спортивная:#da322a,1,55.7209209,37.5610332)
Спортивная:#da322a,2,55.723846,37.5657452)
Спортивная:#da322a,2,55.7240138,37.5655401)
Волжская:#adce4b,1,55.690699,37.7553366)
Волжская:#adce4b,2,55.6906551,37.7562971)
Волжская:#adce4b,3,55.6910185,37.7517009)
Волжская:#adce4b,4,55.6912019,37.7509807)
Кантемировская:#46ae5c,-1,55.6369957,37.6561189)
Кантемировская:#46ae5c,-1,55.6346168,37.6571864)
Кантемировская:#46ae5c,-1,55.6367441,37.6553167)
Кантемировская:#46ae5c,-1,55.6348444,37.6578741)
Кантемировская:#46ae5c,-1,55.6364467,37.655589)
Кантемировская:#46ae5c,-1,55.6351256,37.6576119)
Чертановская:#9c9c99,1,55.6399354,37.6080332)
Чертановская:#9c9c99,2,55.6419081,37.6052666)
Чертановская:#9c9c99,3,55.6417207,37.6048739)
Чертановская:#9c9c99,4,55.641135,37.6045903)
Чертановская:#9c9c99,5,55.6407239,37.6050646)
Чертановская:#9c9c99,6,55.6404817,37.6055388)
Чертановская:#9c9c99,7,55.6404159,37.6057196)
Чертановская:#9c9c99,8,55.6402421,37.6059504)
Южная:#9c9c99,1,55.6215984,37.6093165)
Южная:#9c9c99,2,55.620889,37.6089321)
Южная:#9c9c99,3,55.6211599,37.6080169)
Южная:#9c9c99,4,55.6214446,37.6077025)
Южная:#9c9c99,5,55.6233483,37.6084594)
Южная:#9c9c99,6,55.6235545,37.609048)
Южная:#9c9c99,7,55.6235043,37.6100607)
Южная:#9c9c99,8,55.6226916,37.6096871)
Пражская:#9c9c99,1,55.6114877,37.6044215)
Пражская:#9c9c99,2,55.6110892,37.6047268)
Пражская:#9c9c99,3,55.6106105,37.6045247)
Пражская:#9c9c99,4,55.6105759,37.603844)
Пражская:#9c9c99,5,55.6114372,37.6025175)
Пражская:#9c9c99,6,55.6116724,37.603247)
Пражская:#9c9c99,7,55.6107267,37.6029548)
Пражская:#9c9c99,8,55.6109543,37.6023626)
Пражская:#9c9c99,9,55.6132726,37.6046516)
Пражская:#9c9c99,10,55.6136757,37.6048592)
Пражская:#9c9c99,11,55.6133359,37.6041911)
Пражская:#9c9c99,12,55.6137311,37.6043946)
Аннино:#9c9c99,-1,55.583555,37.5979034)
Аннино:#9c9c99,-1,55.5838691,37.5972591)
Аннино:#9c9c99,1,55.5814371,37.5961694)
Аннино:#9c9c99,2,55.5838736,37.596593)
Аннино:#9c9c99,3,55.5834297,37.5971408)
Аннино:#9c9c99,4,55.5836807,37.5978974)
Братиславская:#adce4b,1,55.6592689,37.7497436)
Братиславская:#adce4b,2,55.6590302,37.7499151)
Братиславская:#adce4b,3,55.6586585,37.7489293)
Братиславская:#adce4b,4,55.6600207,37.7517507)
Братиславская:#adce4b,5,55.6601182,37.7527677)
Братиславская:#adce4b,6,55.659861,37.7520979)
Площадь Революции:#006da8,11,55.7564314,37.6233284)
Площадь Революции:#006da8,11,55.7564054,37.6233705)
Красногвардейская:#46ae5c,1,55.614192,37.7460762)
Красногвардейская:#46ae5c,2,55.6142215,37.7466048)
Красногвардейская:#46ae5c,5,55.6134392,37.7429702)
Красногвардейская:#46ae5c,6,55.6134027,37.7423373)
Красногвардейская:#46ae5c,7,55.6139512,37.7422785)
Красногвардейская:#46ae5c,8,55.6139875,37.7428844)
Красногвардейская:#46ae5c,9,55.6134406,37.7455938)
Красногвардейская:#46ae5c,10,55.6133794,37.7442632)
Зябликово:#adce4b,3,55.6136236,37.7467571)
Зябликово:#adce4b,4,55.6135921,37.7461386)
Зябликово:#adce4b,11,55.6111406,37.7448563)
Орехово:#46ae5c,1,55.612164,37.6960287)
Орехово:#46ae5c,2,55.6137471,37.6934749)
Орехово:#46ae5c,3,55.614168,37.6941673)
Нагорная:#9c9c99,1,55.6728813,37.6103367)
Нагорная:#9c9c99,2,55.6730726,37.6114572)
Нагорная:#9c9c99,2,55.6903167,37.6048708)
Нагорная:#9c9c99,3,55.6727812,37.6109036)
Нагатинская:#9c9c99,-1,55.6899509,37.6065688)
Нагатинская:#9c9c99,1,55.6822074,37.6215863)
Нагатинская:#9c9c99,1,55.6899823,37.6062908)
Нагатинская:#9c9c99,1,55.6898618,37.6182249)
Нагатинская:#9c9c99,2,55.6822225,37.621286)
Нагатинская:#9c9c99,2,55.6901211,37.6180498)
Нагатинская:#9c9c99,3,55.681722,37.6209882)
Нагатинская:#9c9c99,4,55.6823616,37.6208835)
Нагатинская:#9c9c99,5,55.6841137,37.6227309)
Нагатинская:#9c9c99,6,55.6840385,37.6236494)
Нагатинская:#9c9c99,7,55.6837998,37.623715)
Краснопресненская:#794835,1,55.7602598,37.5769663)
Краснопресненская:#794835,1,55.7602369,37.5773768)
Печатники:#adce4b,-1,55.6926307,37.7278243)
Печатники:#adce4b,-1,55.6923714,37.7284427)
Печатники:#adce4b,-1,55.692915,37.727791)
Печатники:#adce4b,-1,55.6926799,37.7285144)
Печатники:#adce4b,1,55.6928767,37.7282037)
Печатники:#adce4b,1,55.6928103,37.7284326)
Петровско-Разумовская:#9c9c99,-1,55.836676,37.5753186)
Петровско-Разумовская:#9c9c99,1,55.8366926,37.575798)
Петровско-Разумовская:#9c9c99,3,55.8337379,37.5734181)
Петровско-Разумовская:#9c9c99,4,55.8332468,37.5725693)
Петровско-Разумовская:#9c9c99,5,55.8337114,37.5725259)
Университет:#da322a,1,55.6931524,37.5344901)
Университет:#da322a,1,55.6935319,37.5344901)
Университет:#da322a,2,55.6915988,37.5346729)
Университет:#da322a,2,55.6917002,37.5351394)
Перово:#f8c73e,-1,55.7517728,37.7885173)
Перово:#f8c73e,-1,55.7505309,37.7848662)
Перово:#f8c73e,-1,55.7505992,37.7851705)
Перово:#f8c73e,-1,55.7509819,37.7842054)
Перово:#f8c73e,-1,55.7511483,37.7851821)
Перово:#f8c73e,-1,55.7512291,37.7844291)
Перово:#f8c73e,-1,55.7512917,37.7847474)
Перово:#f8c73e,-1,55.7512931,37.7883537)
Авиамоторная:#f8c73e,1,55.752352,37.7171157)
Авиамоторная:#f8c73e,1,55.7310257,37.7274324)
Авиамоторная:#f8c73e,2,55.7519883,37.716772)
Авиамоторная:#f8c73e,3,55.7519289,37.717551)
Авиамоторная:#f8c73e,4,55.7516578,37.7162593)
Авиамоторная:#f8c73e,5,55.7515565,37.7163285)
Авиамоторная:#f8c73e,6,55.7512314,37.7165139)
Авиамоторная:#f8c73e,7,55.7508761,37.7175257)
Авиамоторная:#f8c73e,8,55.7509126,37.717841)
Авиамоторная:#f8c73e,9,55.7511027,37.7179549)
Славянский бульвар:#006da8,1,55.7290363,37.4687821)
Славянский бульвар:#006da8,2,55.730802,37.4725378)
Славянский бульвар:#006da8,3,55.7302153,37.4731742)
Славянский бульвар:#006da8,4,55.7293074,37.4729589)
Беговая:#804388,1,55.7733548,37.5444694)
Беговая:#804388,2,55.7739858,37.5445284)
Беговая:#804388,3,55.7743549,37.5492793)
Беговая:#804388,4,55.7732531,37.5490549)
Беговая:#804388,5,55.7732875,37.5486977)
Беговая:#804388,6,55.7729533,37.5489872)
Бибирево:#9c9c99,1,55.8842055,37.601669)
Бибирево:#9c9c99,2,55.8844486,37.6013042)
Бибирево:#9c9c99,3,55.883376,37.6048933)
Бибирево:#9c9c99,4,55.8836026,37.6054218)
Бибирево:#9c9c99,5,55.8838685,37.6042504)
Бибирево:#9c9c99,6,55.8840987,37.6047869)
Проспект Вернадского:#da322a,1,55.6765239,37.5045271)
Проспект Вернадского:#da322a,2,55.6766751,37.5048061)
Проспект Вернадского:#da322a,3,55.6762207,37.5050626)
Проспект Вернадского:#da322a,4,55.6763604,37.5053171)
Проспект Вернадского:#da322a,5,55.6760094,37.5054292)
Проспект Вернадского:#da322a,6,55.6761433,37.5056718)
Проспект Вернадского:#da322a,7,55.6778318,37.507183)
Кунцевская:#00b8e0,2,55.7305628,37.4456485)
Кунцевская:#006da8,2,55.7306811,37.4465234)
Текстильщики:#804388,1,55.7089747,37.7331555)
Текстильщики:#804388,1,55.7242488,37.7180518)
Текстильщики:#804388,2,55.709555,37.7331281)
Текстильщики:#804388,2,55.7245437,37.7177507)
Текстильщики:#804388,3,55.7089777,37.7336661)
Текстильщики:#804388,4,55.7095589,37.7336176)
Текстильщики:#804388,5,55.7081951,37.7298523)
Текстильщики:#804388,6,55.7082635,37.729349)
Текстильщики:#804388,6,55.7082681,37.7296569)
Текстильщики:#804388,7,55.7085899,37.728834)
Тёплый Стан:#e77a38,1,55.6175746,37.5087237)
Тёплый Стан:#e77a38,2,55.617748,37.5082334)
Тёплый Стан:#e77a38,3,55.617237,37.5083994)
Тёплый Стан:#e77a38,4,55.6174309,37.5078629)
Тёплый Стан:#e77a38,5,55.6195304,37.5073245)
Тёплый Стан:#e77a38,6,55.619442,37.5060505)
Тёплый Стан:#e77a38,7,55.619757,37.5064104)
Тёплый Стан:#e77a38,8,55.6197627,37.505217)
Тёплый Стан:#e77a38,9,55.6200651,37.5055608)
Коньково:#e77a38,1,55.6321922,37.5194016)
Коньково:#e77a38,2,55.6317803,37.5191334)
Коньково:#e77a38,3,55.6320514,37.5178486)
Коньково:#e77a38,4,55.632445,37.5181222)
Коньково:#e77a38,5,55.6340396,37.5191407)
Коньково:#e77a38,6,55.634332,37.5189318)
Коньково:#e77a38,7,55.6347352,37.5192524)
Коньково:#e77a38,8,55.6346028,37.5198697)
Коньково:#e77a38,9,55.6339491,37.5199576)
Коньково:#e77a38,10,55.6337944,37.5204794)
Новокузнецкая:#46ae5c,1,55.7424902,37.6290501)
Новокузнецкая:#46ae5c,1,55.7422843,37.6290691)
Новокузнецкая:#46ae5c,1,55.7422413,37.6292453)
Партизанская:#006da8,1,55.7884422,37.7496859)
Партизанская:#006da8,1,55.7884617,37.746257)
Партизанская:#006da8,2,55.7884507,37.7433327)
Партизанская:#006da8,3,55.7884656,37.7427337)
Сходненская:#804388,1,55.8514214,37.4385707)
Сходненская:#804388,2,55.8516275,37.4388757)
Сходненская:#804388,3,55.8517147,37.4400113)
Сходненская:#804388,4,55.8515187,37.4403954)
Сходненская:#804388,5,55.8497282,37.440757)
Сходненская:#804388,6,55.8495983,37.4411036)
Сходненская:#804388,7,55.8492109,37.4407635)
Сходненская:#804388,8,55.849338,37.4394194)
Сходненская:#804388,9,55.8495652,37.4393337)
Мякинино:#006da8,-1,55.8259814,37.3854792)
Мякинино:#006da8,1,55.8235903,37.3852425)
Преображенская площадь:#da322a,1,55.7968308,37.7165781)
Преображенская площадь:#da322a,2,55.7969146,37.7170379)
Преображенская площадь:#da322a,2,55.8291215,37.7018242)
Преображенская площадь:#da322a,3,55.7964386,37.7173848)
Преображенская площадь:#da322a,4,55.7963584,37.7174244)
Преображенская площадь:#da322a,5,55.7960655,37.7175884)
Преображенская площадь:#da322a,6,55.7959618,37.7170118)
Преображенская площадь:#da322a,7,55.7963165,37.7138725)
Преображенская площадь:#da322a,8,55.7962353,37.7134192)
Преображенская площадь:#da322a,9,55.7959006,37.7135141)
Преображенская площадь:#da322a,10,55.7953331,37.7138381)
Преображенская площадь:#da322a,11,55.7951884,37.7141816)
Преображенская площадь:#da322a,12,55.795254,37.7148676)
Преображенская площадь:#da322a,13,55.7955581,37.7148432)
Каховская:#79c5bf,5,55.65341,37.5996482)
Каховская:#79c5bf,6,55.6534164,37.6003109)
Каховская:#79c5bf,7,55.6529988,37.6004502)
Каховская:#79c5bf,8,55.652998,37.5997503)
Севастопольская:#9c9c99,1,55.6525964,37.5972141)
Севастопольская:#9c9c99,2,55.6524618,37.5966084)
Севастопольская:#9c9c99,3,55.6529138,37.5963555)
Севастопольская:#9c9c99,4,55.6530574,37.5969714)
Севастопольская:#9c9c99,9,55.6512822,37.5987069)
Севастопольская:#9c9c99,10,55.6509645,37.5986979)
Севастопольская:#9c9c99,11,55.6514229,37.5981803)
Севастопольская:#9c9c99,12,55.6517448,37.5981746)
Лубянка:#da322a,2,55.7566308,37.6295023)
Лубянка:#da322a,2,55.7600136,37.6279046)
Лубянка:#da322a,3,55.7599954,37.6284365)
Лубянка:#da322a,4,55.759601,37.6284955)
Лубянка:#da322a,5,55.7593815,37.6283704)
Лубянка:#da322a,8,55.7588416,37.6262646)
Выхино:#804388,1,55.7158191,37.8190599)
Выхино:#804388,2,55.7153139,37.8185)
Выхино:#804388,3,55.7157779,37.8171218)
Выхино:#804388,4,55.7163799,37.8175052)
Выхино:#804388,5,55.7162677,37.8178736)
Тушинская:#804388,1,55.8274176,37.4369243)
Тушинская:#804388,2,55.8273173,37.4374038)
Тушинская:#804388,3,55.8278681,37.4380846)
Тушинская:#804388,4,55.8281643,37.4380991)
Тушинская:#804388,5,55.8253875,37.4369714)
Тушинская:#804388,6,55.8255984,37.4359842)
Улица 1905 года:#804388,-1,55.7656923,37.560171)
Улица 1905 года:#804388,-1,55.765392,37.560458)
Улица 1905 года:#804388,1,55.7638807,37.5622006)
ВДНХ:#e77a38,-1,55.8199564,37.641134)
ВДНХ:#e77a38,-1,55.8195777,37.6407419)
ВДНХ:#e77a38,-1,55.8202937,37.6400077)
ВДНХ:#e77a38,-1,55.8199393,37.6396228)
ВДНХ:#e77a38,1,55.8224386,37.6414943)
Пушкинская:#804388,12,55.7655673,37.6080186)
Пушкинская:#804388,13,55.765883,37.6077739)
Пушкинская:#804388,14,55.7660848,37.6082297)
Сухаревская:#e77a38,-1,55.7729684,37.6329256)
Сухаревская:#e77a38,1,55.7722712,37.6321094)
Сухаревская:#e77a38,2,55.7723217,37.6330942)
Сухаревская:#e77a38,3,55.7730167,37.6318754)
Планерная:#804388,1,55.8617486,37.4360076)
Планерная:#804388,2,55.8595065,37.4368385)
Охотный Ряд:#da322a,1,55.7569056,37.6145253)
Охотный Ряд:#da322a,2,55.7570772,37.6142914)
Охотный Ряд:#da322a,3,55.7573453,37.6147085)
Охотный Ряд:#da322a,4,55.7572354,37.6150538)
Охотный Ряд:#da322a,5,55.7569115,37.6156402)
Охотный Ряд:#da322a,6,55.7567613,37.6159014)
Охотный Ряд:#da322a,9,55.7587556,37.6176006)
Комсомольская:#da322a,1,55.7767424,37.6559229)
Комсомольская:#da322a,2,55.7762026,37.6562938)
Комсомольская:#da322a,3,55.7744564,37.6556545)
Комсомольская:#da322a,4,55.7738886,37.6557719)
Комсомольская:#da322a,4,55.7735675,37.6558317)
Комсомольская:#da322a,5,55.777307,37.6579068)
Комсомольская:#da322a,7,55.775703,37.6553032)
Комсомольская:#da322a,8,55.7758326,37.6559109)
Комсомольская:#da322a,9,55.7754972,37.6561275)
Комсомольская:#da322a,10,55.7752751,37.6557827)
Комсомольская:#da322a,11,55.7751398,37.6566847)
Комсомольская:#da322a,12,55.7749168,37.6562751)
Римская:#adce4b,1,55.7473149,37.6808456)
Римская:#adce4b,2,55.7464589,37.6815003)
Римская:#adce4b,3,55.746454,37.6788754)
Римская:#adce4b,4,55.7469515,37.6801577)
Измайловская:#006da8,1,55.7879352,37.7833429)
Измайловская:#006da8,2,55.787655,37.7834119)
Измайловская:#006da8,3,55.7876551,37.7832946)
Измайловская:#006da8,4,55.7876438,37.7801145)
Измайловская:#006da8,5,55.7876438,37.7798947)
Измайловская:#006da8,6,55.7878185,37.7798947)
Измайловская:#006da8,7,55.7878196,37.7801222)
Курская:#006da8,1,55.7585997,37.6588209)
Курская:#794835,2,55.7579523,37.6600452)
Курская:#794835,3,55.7584443,37.660211)
Курская:#794835,4,55.7585492,37.6608681)
Курская:#794835,5,55.756072,37.6595534)
Курская:#794835,6,55.7559087,37.6582067)
Парк Культуры:#da322a,1,55.735138,37.593336)
Парк Культуры:#da322a,1,55.735343,37.59332)
Парк Культуры:#da322a,2,55.7361593,37.5949643)
Киевская:#794835,1,55.7444101,37.5670635)
Киевская:#794835,2,55.7441079,37.5669567)
Киевская:#00b8e0,3,55.7438141,37.5671594)
Киевская:#00b8e0,4,55.7437185,37.5676031)
Киевская:#00b8e0,5,55.743163,37.56471)
Киевская:#00b8e0,6,55.7429331,37.5644408)
Улица Старокачаловская:#a7b9d4,1,55.5683571,37.5768822)
Улица Старокачаловская:#a7b9d4,2,55.5679805,37.5766106)
Улица Старокачаловская:#a7b9d4,3,55.5685763,37.5759769)
Улица Старокачаловская:#a7b9d4,5,55.5683693,37.5749879)
Бульвар Дмитрия Донского:#9c9c99,4,55.5687174,37.575244)
Бульвар Дмитрия Донского:#9c9c99,6,55.5700932,37.5771202)
Бульвар Дмитрия Донского:#9c9c99,7,55.5702625,37.5764101)
Бульвар Дмитрия Донского:#9c9c99,8,55.5706582,37.576712)
Бульвар Дмитрия Донского:#9c9c99,9,55.5703337,37.5781872)
Бульвар Дмитрия Донского:#9c9c99,10,55.5699556,37.5779126)
Бульвар Адмирала Ушакова:#a7b9d4,1,55.5450291,37.541556)
Тургеневская:#e77a38,3,55.7652628,37.6369634)
Тургеневская:#e77a38,4,55.7654876,37.6364679)
Тургеневская:#e77a38,5,55.7656655,37.637548)
Тургеневская:#e77a38,6,55.7660946,37.6371129)
Тургеневская:#e77a38,7,55.7663195,37.6366918)
Тургеневская:#e77a38,8,55.7662886,37.6362611)
Воробьёвы горы:#da322a,1,55.7092808,37.557699)
Воробьёвы горы:#da322a,2,55.7088074,37.5571529)
Воробьёвы горы:#da322a,3,55.7114151,37.5604863)
Воробьёвы горы:#da322a,4,55.7115346,37.5611745)
Хорошёвская:null,1,55.777064,37.5171155)
Хорошёвская:null,1,55.7768574,37.5071754)
Хорошёвская:null,2,55.7774624,37.5170913)
Полежаевская:#804388,3,55.7777695,37.5172233)
Полежаевская:#804388,4,55.7776863,37.5176858)
Полежаевская:#804388,5,55.7779787,37.5209547)
Полежаевская:#804388,6,55.7780737,37.5214975)
Полежаевская:#804388,7,55.7776438,37.5217235)
Полежаевская:#804388,8,55.7770385,37.5216785)
Китай-город:#804388,8,55.7537427,37.6354563)
Китай-город:#804388,9,55.7541199,37.6349478)
Китай-город:#804388,10,55.7541539,37.6342514)
Кожуховская:#adce4b,1,55.7062822,37.6856803)
Кожуховская:#adce4b,2,55.7061872,37.6854144)
Белорусская:#794835,1,55.7752696,37.5826899)
Белорусская:#794835,2,55.7774496,37.5856449)
Белорусская:#794835,3,55.7776564,37.5861735)
Дмитровская:#9c9c99,1,55.8077529,37.5806655)
Дмитровская:#9c9c99,2,55.8078673,37.5802421)
Дмитровская:#9c9c99,3,55.8081381,37.5815141)
Дмитровская:#9c9c99,4,55.8081819,37.5817837)
Марьина Роща:#adce4b,1,55.7970336,37.6169755)
Марьина Роща:#adce4b,2,55.7938588,37.6171107)
Марьина Роща:#adce4b,3,55.7937501,37.6159935)
Марьина Роща:#adce4b,4,55.7935347,37.6158428)
Марьина Роща:#adce4b,5,55.7935248,37.6169266)
Царицыно:#46ae5c,1,55.6205372,37.6698303)
Царицыно:#46ae5c,2,55.6202357,37.6705062)
Царицыно:#46ae5c,3,55.6196578,37.670656)
Царицыно:#46ae5c,4,55.6221673,37.6683083)
Царицыно:#46ae5c,5,55.6227531,37.6686765)
Царицыно:#46ae5c,6,55.622429,37.668956)
Кутузовская:#00b8e0,-1,55.7396048,37.5340934)
Кутузовская:#00b8e0,-1,55.740152,37.5334499)
Кутузовская:#00b8e0,1,55.7405767,37.5342562)
Кутузовская:#00b8e0,2,55.7394641,37.5349368)
Студенческая:#00b8e0,1,55.7388961,37.548331)
Шоссе Энтузиастов:#f8c73e,1,55.7574148,37.7520392)
Шоссе Энтузиастов:#f8c73e,1,55.770294,37.7480518)
Шоссе Энтузиастов:#f8c73e,1,55.7586786,37.7485316)
Шоссе Энтузиастов:#f8c73e,1,55.7460054,37.7374283)
Шоссе Энтузиастов:#f8c73e,2,55.758447,37.7517903)
Шоссе Энтузиастов:#f8c73e,2,55.7702549,37.7477781)
Шоссе Энтузиастов:#f8c73e,2,55.7589815,37.7454479)
Шоссе Энтузиастов:#f8c73e,2,55.7462903,37.7364312)
Шоссе Энтузиастов:#f8c73e,3,55.7584463,37.7512111)
Шоссе Энтузиастов:#f8c73e,3,55.7701226,37.7460729)
Шоссе Энтузиастов:#f8c73e,4,55.7696997,37.7451078)
Шоссе Энтузиастов:#f8c73e,4,55.7585446,37.7517358)
Шоссе Энтузиастов:#f8c73e,5,55.7696415,37.7446042)
Алтуфьево:#9c9c99,1,55.898769,37.5864487)
Алтуфьево:#9c9c99,2,55.8990249,37.5864203)
Алтуфьево:#9c9c99,3,55.8992329,37.5878493)
Алтуфьево:#9c9c99,4,55.8987434,37.5878352)
Алтуфьево:#9c9c99,5,55.8970658,37.587814)
Алтуфьево:#9c9c99,6,55.8966191,37.5878023)
Алтуфьево:#9c9c99,7,55.896646,37.5865753)
Алтуфьево:#9c9c99,8,55.8970846,37.586587)
Рижская:#e77a38,1,55.7924745,37.6358667)
Маяковская:#46ae5c,1,55.7711546,37.5945791)
Маяковская:#46ae5c,2,55.7696727,37.5972205)
Маяковская:#46ae5c,3,55.7694985,37.5971933)
Маяковская:#46ae5c,4,55.7693238,37.5964795)
Электрозаводская:#006da8,1,55.7819208,37.7052943)
Электрозаводская:#006da8,1,55.7821111,37.7055513)
Алексеевская:#e77a38,1,55.8079055,37.6385712)
Достоевская:#adce4b,1,55.7816254,37.6139797)
Достоевская:#adce4b,2,55.7813184,37.6143153)
Достоевская:#adce4b,3,55.7812148,37.613432)
Битцевский парк:#a7b9d4,-1,55.6005005,37.5555785)
Битцевский парк:#a7b9d4,1,55.6005719,37.5561635)
Новые Черёмушки:#e77a38,1,55.669488,37.5542326)
Новые Черёмушки:#e77a38,2,55.6692901,37.5540291)
Новые Черёмушки:#e77a38,3,55.6694767,37.5534764)
Новые Черёмушки:#e77a38,4,55.669685,37.5536935)
Новые Черёмушки:#e77a38,5,55.6710798,37.5551952)
Новые Черёмушки:#e77a38,6,55.6712712,37.5554047)
Новые Черёмушки:#e77a38,7,55.6710998,37.5559559)
Новые Черёмушки:#e77a38,8,55.6708887,37.5557267)
Крестьянская Застава:#adce4b,1,55.7319063,37.667835)
Крестьянская Застава:#adce4b,2,55.732432,37.6679697)
Крестьянская Застава:#adce4b,3,55.7322299,37.6683449)
Дубровка:#adce4b,1,55.7180354,37.6769305)
Дубровка:#adce4b,1,55.7115821,37.6765727)
Дубровка:#adce4b,2,55.7176664,37.6772082)
Дубровка:#adce4b,2,55.7130216,37.6758362)
Дубровка:#adce4b,3,55.7178569,37.6761884)
Люблино:#adce4b,1,55.6744037,37.7609831)
Люблино:#adce4b,2,55.676719,37.7617214)
Люблино:#adce4b,3,55.6770424,37.7618218)
Люблино:#adce4b,4,55.6771538,37.7621869)
Люблино:#adce4b,5,55.6771035,37.7628559)
Люблино:#adce4b,6,55.6768777,37.763105)
Улица Академика Янгеля:#9c9c99,-1,55.5960364,37.6027426)
Улица Академика Янгеля:#9c9c99,-1,55.5961367,37.601949)
Улица Академика Янгеля:#9c9c99,1,55.5945205,37.6004269)
Улица Академика Янгеля:#9c9c99,2,55.5943078,37.6010617)
Улица Академика Янгеля:#9c9c99,3,55.5941959,37.6018388)
Улица Академика Янгеля:#9c9c99,4,55.5958075,37.6001442)
Улица Академика Янгеля:#9c9c99,5,55.5962169,37.6012243)
Тимирязевская:#9c9c99,1,55.8187483,37.5751493)
Тимирязевская:#9c9c99,2,55.819141,37.5749357)
Тимирязевская:#9c9c99,3,55.818676,37.5745438)
Тимирязевская:#9c9c99,4,55.8190314,37.5743513)
Тимирязевская:#9c9c99,5,55.8189147,37.5760883)
Тимирязевская:#9c9c99,6,55.8190721,37.5764743)
Тимирязевская:#9c9c99,7,55.8193724,37.5762409)
Марксистская:#f8c73e,1,55.7423632,37.6536631)
Марксистская:#f8c73e,1,55.7425067,37.6533889)
Марксистская:#f8c73e,2,55.7394701,37.6536358)
Марксистская:#f8c73e,3,55.7397434,37.6534176)
Марксистская:#f8c73e,5,55.740628,37.6564562)
Марксистская:#f8c73e,6,55.7410683,37.6567946)
Таганская:#804388,4,55.7392942,37.6530041)
Кузьминки:#804388,1,55.7055889,37.7672792)
Кузьминки:#804388,2,55.7055252,37.7677473)
Кузьминки:#804388,3,55.7047933,37.7674632)
Кузьминки:#804388,4,55.7048503,37.7670396)
Кузьминки:#804388,5,55.7052383,37.7641408)
Кузьминки:#804388,6,55.7052872,37.7637506)
Кузьминки:#804388,7,55.7060061,37.7639809)
Кузьминки:#804388,8,55.7059601,37.7643522)
Рязанский проспект:#804388,1,55.7176829,37.7937157)
Рязанский проспект:#804388,1,55.7176442,37.7939293)
Рязанский проспект:#804388,2,55.7162548,37.7927209)
Рязанский проспект:#804388,2,55.7162197,37.7928809)
Митино:#006da8,1,55.8459416,37.3606285)
Митино:#006da8,2,55.8459839,37.3600099)
Митино:#006da8,3,55.846215,37.3594054)
Митино:#006da8,4,55.8464959,37.3592756)
Митино:#006da8,5,55.8462847,37.3612291)
Митино:#006da8,6,55.8467994,37.3613356)
Митино:#006da8,7,55.8470566,37.3603829)
Митино:#006da8,8,55.8456122,37.3637191)
Митино:#006da8,9,55.8446673,37.3638001)
Митино:#006da8,10,55.8448531,37.3633316)
Волоколамская:#006da8,1,55.8363793,37.3815213)
Волоколамская:#006da8,2,55.8346885,37.3833438)
Выставочная:#00b8e0,4,55.7500782,37.5426838)
Выставочная:#00b8e0,5,55.7484571,37.5440511)
Выставочная:#00b8e0,5,55.7481592,37.5437605)
Выставочная:#00b8e0,5,55.7486526,37.5434734)
Семёновская:#006da8,1,55.7830441,37.7194483)
Семёновская:#006da8,1,55.783178,37.719281)
Октябрьское Поле:#804388,1,55.7939557,37.4923452)
Октябрьское Поле:#804388,1,55.7972112,37.4983927)
Октябрьское Поле:#804388,1,55.7889741,37.5025287)
Октябрьское Поле:#804388,2,55.7941767,37.4919156)
Октябрьское Поле:#804388,2,55.7893006,37.505316)
Октябрьское Поле:#804388,2,55.798439,37.4999654)
Октябрьское Поле:#804388,3,55.7943554,37.4922103)
Октябрьское Поле:#804388,3,55.789376,37.5070064)
Октябрьское Поле:#804388,4,55.7941328,37.492639)
Октябрьское Поле:#804388,5,55.7930907,37.4946935)
Октябрьское Поле:#804388,6,55.7928695,37.4951239)
Октябрьское Поле:#804388,7,55.7926582,37.4947831)
Октябрьское Поле:#804388,8,55.7928837,37.4943443)
Борисово:#adce4b,1,55.6323061,37.7434596)
Борисово:#adce4b,2,55.6341235,37.7445769)
Шипиловская:#adce4b,1,55.6203877,37.744173)
Шипиловская:#adce4b,2,55.6199441,37.7442574)
Шипиловская:#adce4b,3,55.6203241,37.7431723)
Шипиловская:#adce4b,4,55.6220942,37.7424179)
Шипиловская:#adce4b,5,55.6222255,37.7438797)
Речной вокзал:#46ae5c,1,55.8557209,37.4756064)
Речной вокзал:#46ae5c,2,55.8542683,37.4765578)
Новокосино:#f8c73e,1,55.7461348,37.8659128)
Новокосино:#f8c73e,2,55.7444211,37.8657847)
Новокосино:#f8c73e,3,55.7441734,37.8626142)
Новокосино:#f8c73e,4,55.7439072,37.8628031)
Новокосино:#f8c73e,5,55.7454836,37.8618795)
Пятницкое шоссе:#006da8,1,55.8572607,37.3552483)
Пятницкое шоссе:#006da8,2,55.8552201,37.3540879)
Пятницкое шоссе:#006da8,3,55.854559,37.3542041)
Пятницкое шоссе:#006da8,4,55.8549003,37.3528353)
Пятницкое шоссе:#006da8,5,55.855369,37.3530701)
Бунинская аллея:#a7b9d4,1,55.537729,37.515004)
Улица Горчакова:#a7b9d4,1,55.5421502,37.5321039)
Улица Скобелевская:#a7b9d4,1,55.5485212,37.556234)
Улица Скобелевская:#a7b9d4,1,55.5485399,37.5560976)
Улица Скобелевская:#a7b9d4,2,55.5476888,37.5530219)
Чеховская:#9c9c99,11,55.7657918,37.6085348)
Лермонтовский проспект:#804388,1,55.7007198,37.8539892)
Лермонтовский проспект:#804388,2,55.7006034,37.852496)
Лермонтовский проспект:#804388,3,55.6997848,37.8530787)
Лермонтовский проспект:#804388,4,55.6996354,37.8533602)
Лермонтовский проспект:#804388,6,55.7017507,37.8505497)
Лермонтовский проспект:#804388,7,55.7021316,37.8498325)
Жулебино:#804388,1,55.6844028,37.8557775)
Жулебино:#804388,2,55.6841529,37.8554807)
Жулебино:#804388,3,55.6836278,37.8548205)
Жулебино:#804388,4,55.6842037,37.8541166)
Жулебино:#804388,5,55.6846092,37.8540703)
Жулебино:#804388,6,55.6848477,37.8543922)
Жулебино:#804388,7,55.6848558,37.8549435)
Жулебино:#804388,8,55.6861173,37.8564384)
Жулебино:#804388,9,55.6864056,37.8567529)
Жулебино:#804388,10,55.686079,37.8576634)
Жулебино:#804388,11,55.6857907,37.8573489)
Лесопарковая:#a7b9d4,1,55.5816537,37.5779708)
Спартак:#804388,1,55.8195308,37.4353651)
Спартак:#804388,2,55.8170427,37.4345349)
Спартак:#804388,3,55.817515,37.4346276)
Спартак:#804388,4,55.8170755,37.4339612)
Спартак:#804388,5,55.817548,37.4340531)
Тропарёво:#da322a,-1,55.6444902,37.4726398)
Тропарёво:#da322a,-1,55.6452089,37.4715094)
Тропарёво:#da322a,-1,55.6464773,37.4742562)
Тропарёво:#da322a,-1,55.6450831,37.4720207)
Тропарёво:#da322a,1,55.6454177,37.4719228)
Тропарёво:#da322a,2,55.6450576,37.4711468)
Тропарёво:#da322a,3,55.6451558,37.4722946)
Тропарёво:#da322a,4,55.6448293,37.4715911)
Тропарёво:#da322a,5,55.6446781,37.4729873)
Тропарёво:#da322a,6,55.6443524,37.4722854)
Тропарёво:#da322a,7,55.6465407,37.4744399)
Тропарёво:#da322a,8,55.6462333,37.4736853)
Шаболовская:#e77a38,-1,55.7187676,37.608233)
Трубная:#adce4b,1,55.7717111,37.620671)
Трубная:#adce4b,2,55.7677519,37.6219289)
Баррикадная:#804388,2,55.7606806,37.5812563)
Баррикадная:#804388,2,55.7607521,37.5815549)
Деловой центр:null,1,55.7489233,37.5376474)
Деловой центр:null,2,55.7482607,37.5384187)
Деловой центр:null,3,55.7485061,37.5379068)
Котельники:#804388,1,55.6735245,37.8594147)
Котельники:#804388,2,55.673809,37.8587809)
Котельники:#804388,3,55.6746302,37.8569425)
Котельники:#804388,4,55.6748797,37.8563954)
Котельники:#804388,5,55.6752789,37.8563363)
Котельники:#804388,5,55.6754035,37.856517)
Котельники:#804388,6,55.6759972,37.8576844)
Котельники:#804388,6,55.6761508,37.8576607)
Котельники:#804388,7,55.6768732,37.8578539)
Котельники:#804388,7,55.6769313,37.8581067)
Шелепиха:null,1,55.7559564,37.524391)
Шелепиха:null,2,55.7561495,37.5250487)
Шелепиха:null,3,55.7562183,37.5261012)
Шелепиха:null,4,55.7577142,37.5231472)
Технопарк:#46ae5c,2,55.6939273,37.6641109)
Технопарк:#46ae5c,3,55.6940069,37.6641009)
Технопарк:#46ae5c,4,55.6944769,37.6640838)
Технопарк:#46ae5c,5,55.6944965,37.6645154)
Технопарк:#46ae5c,6,55.694028,37.6646456)
Технопарк:#46ae5c,7,55.69395,37.6646569)
Румянцево:#da322a,1,55.6328402,37.4399515)
Румянцево:#da322a,1,55.6329423,37.4396258)
Румянцево:#da322a,2,55.632921,37.4428572)
Румянцево:#da322a,2,55.6330762,37.4434624)
Саларьево:#da322a,1,55.6219329,37.4246129)
Саларьево:#da322a,2,55.6217043,37.4243097)
Международная:#00b8e0,1,55.7481331,37.5329603)
Международная:#00b8e0,2,55.7485178,37.5333123)
Международная:#00b8e0,3,55.748038,37.5334315)
Международная:#00b8e0,4,55.7479353,37.5329906)
Международная:#00b8e0,5,55.7478062,37.5317493)
Международная:#00b8e0,6,55.7476911,37.5352846)
Алма-Атинская:#46ae5c,1,55.6334546,37.7652473)
Алма-Атинская:#46ae5c,1,55.6334946,37.7653857)
Алма-Атинская:#46ae5c,2,55.632171,37.7668185)
Бутырская:#adce4b,1,55.8142279,37.6007594)
Бутырская:#adce4b,2,55.8140809,37.6019058)
Бутырская:#adce4b,4,55.8125643,37.6042631)
Бутырская:#adce4b,5,55.8123276,37.6037828)
Верхние Лихоборы:#adce4b,1,55.8484643,37.5527117)
Верхние Лихоборы:#adce4b,1,55.857179,37.5597634)
Верхние Лихоборы:#adce4b,2,55.8469197,37.5537507)
Верхние Лихоборы:#adce4b,3,55.8471019,37.5535492)
Верхние Лихоборы:#adce4b,5,55.8545292,37.5614561)
Фонвизинская:#adce4b,1,55.8237748,37.5858588)
Фонвизинская:#adce4b,2,55.8239481,37.5865332)
Фонвизинская:#adce4b,3,55.8221481,37.5893748)
Фонвизинская:#adce4b,4,55.8219059,37.5887966)
Петровско-Разумовская:#adce4b,-1,55.836612,37.576222)
Петровско-Разумовская:#adce4b,2,55.8332734,37.5734615)
Окружная:#adce4b,1,55.8488669,37.5725582)
Окружная:#adce4b,3,55.8484441,37.5729836)
Окружная:#adce4b,3,55.8439835,37.5760482)
Ломоносовский проспект:#f8c73e,1,55.7063133,37.5152811)
Ломоносовский проспект:#f8c73e,2,55.7054025,37.5134191)
Ломоносовский проспект:#f8c73e,3,55.7058638,37.5125293)
Ломоносовский проспект:#f8c73e,4,55.7068116,37.5146133)
Ломоносовский проспект:#f8c73e,5,55.7076256,37.5181064)
Ломоносовский проспект:#f8c73e,6,55.7073014,37.5173186)
Минская:#f8c73e,1,55.7236831,37.4981507)
Минская:#f8c73e,2,55.7235455,37.4976516)
Озёрная:#f8c73e,1,55.6704046,37.4475564)
Озёрная:#f8c73e,2,55.6706634,37.4512873)
Озёрная:#f8c73e,3,55.6714747,37.4502003)
Озёрная:#f8c73e,4,55.6716803,37.4504339)
Раменки:#f8c73e,1,55.6968806,37.4979964)
Раменки:#f8c73e,2,55.6963306,37.4970122)
Раменки:#f8c73e,3,55.6967559,37.49615)
Раменки:#f8c73e,4,55.6971346,37.496829)
Раменки:#f8c73e,5,55.6985128,37.4992996)
Раменки:#f8c73e,6,55.6988906,37.4999797)
Раменки:#f8c73e,7,55.6984143,37.5008112)
Пионерская:#00b8e0,1,55.7359527,37.4667712)
Пионерская:#00b8e0,2,55.7360249,37.4675091)
Красносельская:#da322a,1,55.7799729,37.6660396)
Ховрино:#46ae5c,1,55.8791504,37.4807982)
Ховрино:#46ae5c,2,55.8787049,37.4801915)
Ховрино:#46ae5c,3,55.8784281,37.4803142)
Ховрино:#46ae5c,4,55.8775107,37.4815545)
Ховрино:#46ae5c,5,55.8773255,37.4823635)
Ховрино:#46ae5c,6,55.8769651,37.4814882)
ЦСКА:null,1,55.7874053,37.5343931)
ЦСКА:null,2,55.785683,37.5319665)
Селигерская:#adce4b,1,55.8671842,37.5460405)
Селигерская:#adce4b,2,55.8675745,37.5459637)
Селигерская:#adce4b,3,55.8656413,37.5480991)
Селигерская:#adce4b,4,55.8651749,37.5462656)
Селигерская:#adce4b,4,55.8652376,37.5463907)
Новопеределкино:#f8c73e,1,55.6385232,37.3538275)
Новопеределкино:#f8c73e,2,55.6387857,37.3533245)
Новопеределкино:#f8c73e,3,55.6406689,37.3565163)
Новопеределкино:#f8c73e,4,55.640112,37.3564032)
Рассказовка:#f8c73e,1,55.6339469,37.3327481)
Рассказовка:#f8c73e,2,55.6340394,37.3334931)
Рассказовка:#f8c73e,3,55.6341908,37.3347437)
Рассказовка:#f8c73e,4,55.6343561,37.335581)
Рассказовка:#f8c73e,5,55.6344975,37.3365602)
Боровское шоссе:#f8c73e,1,55.6470791,37.3686835)
Боровское шоссе:#f8c73e,2,55.6482478,37.3715873)
Боровское шоссе:#f8c73e,3,55.6484032,37.3718498)
Солнцево:#f8c73e,1,55.6484309,37.390259)
Солнцево:#f8c73e,2,55.6485178,37.3899158)
Солнцево:#f8c73e,3,55.6506867,37.3924296)
Солнцево:#f8c73e,4,55.650197,37.3920732)
Мичуринский проспект:#f8c73e,1,55.6884993,37.4842059)
Мичуринский проспект:#f8c73e,2,55.6896922,37.4836728)
Мичуринский проспект:#f8c73e,2,55.6897736,37.4835338)
Говорово:#f8c73e,1,55.6594134,37.4161226)
Говорово:#f8c73e,2,55.6593629,37.4156284)
Говорово:#f8c73e,3,55.6593534,37.4188616)
Говорово:#f8c73e,4,55.6593595,37.4183811)
